{
    "assets": [
        {
            "name": "Arial20.fnt"
        },
        {
            "name": "Arial20.png"
        },
        {
            "name": "Arial20@2x.fnt"
        },
        {
            "name": "Arial20@2x.png"
        },
        {
            "name": "color.frag"
        },
        {
            "name": "color.vert"
        },
        {
            "name": "fxaa.frag"
        },
        {
            "name": "fxaa.vert"
        },
        {
            "name": "hybrid.frag"
        },
        {
            "name": "hybrid.vert"
        },
        {
            "name": "ogmolevel.json"
        },
        {
            "name": "pieceBottom.png"
        },
        {
            "name": "pieceTop.png"
        },
        {
            "name": "pivoterCourt.png"
        },
        {
            "name": "pivoterLong.png"
        },
        {
            "name": "pixelArt.frag"
        },
        {
            "name": "pixelArt.vert"
        },
        {
            "name": "tableBase.pdn"
        },
        {
            "name": "tableBase.png"
        },
        {
            "name": "textured.frag"
        },
        {
            "name": "textured.vert"
        },
        {
            "name": "tintBlack.frag"
        },
        {
            "name": "tintBlack.vert"
        },
        {
            "name": "white.png"
        }
    ]
}